??,table_id,baseinfo_table_name_en,baseinfo_table_name_zh,baseinfo_sys_manage_id,baseinfo_classification_id,field_propert,field_name,sort
table_id ?????? baseinfo ?????,14043631cd36410e9f00a69bb438c7ca,nhsyl_update,当前报送期年化收益率修改清单,zbbs24,c1c54a78bf7048c7a07e235bb7bf8d8f,projcode,产品代码,0
table_id ?????? baseinfo ?????,14043631cd36410e9f00a69bb438c7ca,nhsyl_update,当前报送期年化收益率修改清单,zbbs24,c1c54a78bf7048c7a07e235bb7bf8d8f,projname,项目名称,1
table_id ?????? baseinfo ?????,14043631cd36410e9f00a69bb438c7ca,nhsyl_update,当前报送期年化收益率修改清单,zbbs24,c1c54a78bf7048c7a07e235bb7bf8d8f,nhsy_new,年化收益率_新,2
table_id ?????? baseinfo ?????,14043631cd36410e9f00a69bb438c7ca,nhsyl_update,当前报送期年化收益率修改清单,zbbs24,c1c54a78bf7048c7a07e235bb7bf8d8f,caldate,数据日期,3
table_id ?????? baseinfo ?????,29294dae61e3402cb52b4cfdcd489cfd,wms_coop_stat_pboc,理财子公司合作列表,zbbs24,e79bc547e1704bfcb18271d112fd5db7,projcode,项目编号,0
table_id ?????? baseinfo ?????,29294dae61e3402cb52b4cfdcd489cfd,wms_coop_stat_pboc,理财子公司合作列表,zbbs24,e79bc547e1704bfcb18271d112fd5db7,projname,项目名称,1
table_id ?????? baseinfo ?????,29294dae61e3402cb52b4cfdcd489cfd,wms_coop_stat_pboc,理财子公司合作列表,zbbs24,e79bc547e1704bfcb18271d112fd5db7,wms_name,理财子公司名称,2
table_id ?????? baseinfo ?????,29294dae61e3402cb52b4cfdcd489cfd,wms_coop_stat_pboc,理财子公司合作列表,zbbs24,e79bc547e1704bfcb18271d112fd5db7,date_source,数据来源,3
table_id ?????? baseinfo ?????,29294dae61e3402cb52b4cfdcd489cfd,wms_coop_stat_pboc,理财子公司合作列表,zbbs24,e79bc547e1704bfcb18271d112fd5db7,cldate,数据日期,4
table_id ?????? baseinfo ?????,29294dae61e3402cb52b4cfdcd489cfd,wms_coop_stat_pboc,理财子公司合作列表,zbbs24,e79bc547e1704bfcb18271d112fd5db7,tbtime,创建时间,5
table_id ?????? baseinfo ?????,50d8b56d5a1b46ba97bb6e4a8a1830ef,bb_table_mb,人行修改报备表（模板）,zbbs24,c1c54a78bf7048c7a07e235bb7bf8d8f,jgname,机构名称,0
table_id ?????? baseinfo ?????,50d8b56d5a1b46ba97bb6e4a8a1830ef,bb_table_mb,人行修改报备表（模板）,zbbs24,c1c54a78bf7048c7a07e235bb7bf8d8f,jgcode,金融机构代码,1
table_id ?????? baseinfo ?????,50d8b56d5a1b46ba97bb6e4a8a1830ef,bb_table_mb,人行修改报备表（模板）,zbbs24,c1c54a78bf7048c7a07e235bb7bf8d8f,pz,产品品种,2
table_id ?????? baseinfo ?????,50d8b56d5a1b46ba97bb6e4a8a1830ef,bb_table_mb,人行修改报备表（模板）,zbbs24,c1c54a78bf7048c7a07e235bb7bf8d8f,caldate,数据日期,3
table_id ?????? baseinfo ?????,50d8b56d5a1b46ba97bb6e4a8a1830ef,bb_table_mb,人行修改报备表（模板）,zbbs24,c1c54a78bf7048c7a07e235bb7bf8d8f,tablename,表单号,4
table_id ?????? baseinfo ?????,50d8b56d5a1b46ba97bb6e4a8a1830ef,bb_table_mb,人行修改报备表（模板）,zbbs24,c1c54a78bf7048c7a07e235bb7bf8d8f,zbname_hang,行项目,5
table_id ?????? baseinfo ?????,50d8b56d5a1b46ba97bb6e4a8a1830ef,bb_table_mb,人行修改报备表（模板）,zbbs24,c1c54a78bf7048c7a07e235bb7bf8d8f,zbname_col,列项目,6
table_id ?????? baseinfo ?????,50d8b56d5a1b46ba97bb6e4a8a1830ef,bb_table_mb,人行修改报备表（模板）,zbbs24,c1c54a78bf7048c7a07e235bb7bf8d8f,money_before,修正前金额,7
table_id ?????? baseinfo ?????,50d8b56d5a1b46ba97bb6e4a8a1830ef,bb_table_mb,人行修改报备表（模板）,zbbs24,c1c54a78bf7048c7a07e235bb7bf8d8f,money_after,修正后金额,8
table_id ?????? baseinfo ?????,50d8b56d5a1b46ba97bb6e4a8a1830ef,bb_table_mb,人行修改报备表（模板）,zbbs24,c1c54a78bf7048c7a07e235bb7bf8d8f,ce,金额变动差额,9
table_id ?????? baseinfo ?????,50d8b56d5a1b46ba97bb6e4a8a1830ef,bb_table_mb,人行修改报备表（模板）,zbbs24,c1c54a78bf7048c7a07e235bb7bf8d8f,remark,修改说明,10
table_id ?????? baseinfo ?????,50d8b56d5a1b46ba97bb6e4a8a1830ef,bb_table_mb,人行修改报备表（模板）,zbbs24,c1c54a78bf7048c7a07e235bb7bf8d8f,change_date,修改日期,11
table_id ?????? baseinfo ?????,5982cf74b88b4b7d952825e3139e5b59,zg08_help_productcode,ZG08底稿基金数据,zbbs24,c1c54a78bf7048c7a07e235bb7bf8d8f,id,主键,0
table_id ?????? baseinfo ?????,5982cf74b88b4b7d952825e3139e5b59,zg08_help_productcode,ZG08底稿基金数据,zbbs24,c1c54a78bf7048c7a07e235bb7bf8d8f,productname1,产品名称1,1
table_id ?????? baseinfo ?????,5982cf74b88b4b7d952825e3139e5b59,zg08_help_productcode,ZG08底稿基金数据,zbbs24,c1c54a78bf7048c7a07e235bb7bf8d8f,productname2,产品名称2,2
table_id ?????? baseinfo ?????,5982cf74b88b4b7d952825e3139e5b59,zg08_help_productcode,ZG08底稿基金数据,zbbs24,c1c54a78bf7048c7a07e235bb7bf8d8f,productcode,产品代码,3
table_id ?????? baseinfo ?????,5982cf74b88b4b7d952825e3139e5b59,zg08_help_productcode,ZG08底稿基金数据,zbbs24,c1c54a78bf7048c7a07e235bb7bf8d8f,jgcode,机构编码,4
table_id ?????? baseinfo ?????,5982cf74b88b4b7d952825e3139e5b59,zg08_help_productcode,ZG08底稿基金数据,zbbs24,c1c54a78bf7048c7a07e235bb7bf8d8f,jgname,发行机构名称,5
table_id ?????? baseinfo ?????,5982cf74b88b4b7d952825e3139e5b59,zg08_help_productcode,ZG08底稿基金数据,zbbs24,c1c54a78bf7048c7a07e235bb7bf8d8f,producttype,产品品种名称,6
table_id ?????? baseinfo ?????,5982cf74b88b4b7d952825e3139e5b59,zg08_help_productcode,ZG08底稿基金数据,zbbs24,c1c54a78bf7048c7a07e235bb7bf8d8f,caldate,导入时间,7
table_id ?????? baseinfo ?????,5f0f955dff6c4564b047b484486aa825,ceshixt,逐笔报送表信息,zbbs24,c1c54a78bf7048c7a07e235bb7bf8d8f,table_name_zh,表名,0
table_id ?????? baseinfo ?????,5f0f955dff6c4564b047b484486aa825,ceshixt,逐笔报送表信息,zbbs24,c1c54a78bf7048c7a07e235bb7bf8d8f,tbtime,最新生成时间,1
table_id ?????? baseinfo ?????,5f0f955dff6c4564b047b484486aa825,ceshixt,逐笔报送表信息,zbbs24,c1c54a78bf7048c7a07e235bb7bf8d8f,tabletype,表类型,2
table_id ?????? baseinfo ?????,7e68e2bf857e49c1b344882e04bf0ad2,special_a7200,投资端特定目的载体交易对手当期结束处理清单,zbbs24,c1c54a78bf7048c7a07e235bb7bf8d8f,projcode,产品代码,0
table_id ?????? baseinfo ?????,7e68e2bf857e49c1b344882e04bf0ad2,special_a7200,投资端特定目的载体交易对手当期结束处理清单,zbbs24,c1c54a78bf7048c7a07e235bb7bf8d8f,pactid,合同代码,1
table_id ?????? baseinfo ?????,7e68e2bf857e49c1b344882e04bf0ad2,special_a7200,投资端特定目的载体交易对手当期结束处理清单,zbbs24,c1c54a78bf7048c7a07e235bb7bf8d8f,money,金额（元）,2
table_id ?????? baseinfo ?????,7e68e2bf857e49c1b344882e04bf0ad2,special_a7200,投资端特定目的载体交易对手当期结束处理清单,zbbs24,c1c54a78bf7048c7a07e235bb7bf8d8f,caldate,数据日期,3
table_id ?????? baseinfo ?????,7e68e2bf857e49c1b344882e04bf0ad2,special_a7200,投资端特定目的载体交易对手当期结束处理清单,zbbs24,c1c54a78bf7048c7a07e235bb7bf8d8f,rivalcode,交易对手产品代码,4
table_id ?????? baseinfo ?????,986ba1b73dcb4da4b387e44e90441966,wms_coop_asset_fb_pboc,理财子公司合作非标投资情况,zbbs24,e79bc547e1704bfcb18271d112fd5db7,wms_name,理财子公司合作非标投资情况,0
table_id ?????? baseinfo ?????,986ba1b73dcb4da4b387e44e90441966,wms_coop_asset_fb_pboc,理财子公司合作非标投资情况,zbbs24,e79bc547e1704bfcb18271d112fd5db7,asset_total,资产合计,1
table_id ?????? baseinfo ?????,986ba1b73dcb4da4b387e44e90441966,wms_coop_asset_fb_pboc,理财子公司合作非标投资情况,zbbs24,e79bc547e1704bfcb18271d112fd5db7,deposit,存款,2
table_id ?????? baseinfo ?????,986ba1b73dcb4da4b387e44e90441966,wms_coop_asset_fb_pboc,理财子公司合作非标投资情况,zbbs24,e79bc547e1704bfcb18271d112fd5db7,spv,资管产品,3
table_id ?????? baseinfo ?????,986ba1b73dcb4da4b387e44e90441966,wms_coop_asset_fb_pboc,理财子公司合作非标投资情况,zbbs24,e79bc547e1704bfcb18271d112fd5db7,bond,债券,4
table_id ?????? baseinfo ?????,986ba1b73dcb4da4b387e44e90441966,wms_coop_asset_fb_pboc,理财子公司合作非标投资情况,zbbs24,e79bc547e1704bfcb18271d112fd5db7,reverse_repo,逆回购,5
table_id ?????? baseinfo ?????,986ba1b73dcb4da4b387e44e90441966,wms_coop_asset_fb_pboc,理财子公司合作非标投资情况,zbbs24,e79bc547e1704bfcb18271d112fd5db7,preferred_stock,优先股,6
table_id ?????? baseinfo ?????,986ba1b73dcb4da4b387e44e90441966,wms_coop_asset_fb_pboc,理财子公司合作非标投资情况,zbbs24,e79bc547e1704bfcb18271d112fd5db7,other,其他,7
table_id ?????? baseinfo ?????,986ba1b73dcb4da4b387e44e90441966,wms_coop_asset_fb_pboc,理财子公司合作非标投资情况,zbbs24,e79bc547e1704bfcb18271d112fd5db7,bond_ctz,债券其中：城投债,8
table_id ?????? baseinfo ?????,986ba1b73dcb4da4b387e44e90441966,wms_coop_asset_fb_pboc,理财子公司合作非标投资情况,zbbs24,e79bc547e1704bfcb18271d112fd5db7,cldate,数据日期,9
table_id ?????? baseinfo ?????,986ba1b73dcb4da4b387e44e90441966,wms_coop_asset_fb_pboc,理财子公司合作非标投资情况,zbbs24,e79bc547e1704bfcb18271d112fd5db7,tbtime,生成时间,10
table_id ?????? baseinfo ?????,ba5d16b4560647aaa3802a992ea80b43,zg04_jingzhi,ZG04净值修改清单,zbbs24,c1c54a78bf7048c7a07e235bb7bf8d8f,projcode,产品代码,0
table_id ?????? baseinfo ?????,ba5d16b4560647aaa3802a992ea80b43,zg04_jingzhi,ZG04净值修改清单,zbbs24,c1c54a78bf7048c7a07e235bb7bf8d8f,jingzhi,净值（修改后）,1
table_id ?????? baseinfo ?????,ba5d16b4560647aaa3802a992ea80b43,zg04_jingzhi,ZG04净值修改清单,zbbs24,c1c54a78bf7048c7a07e235bb7bf8d8f,caldate,数据日期,2
table_id ?????? baseinfo ?????,ba5d16b4560647aaa3802a992ea80b43,zg04_jingzhi,ZG04净值修改清单,zbbs24,c1c54a78bf7048c7a07e235bb7bf8d8f,id,编号,3
table_id ?????? baseinfo ?????,ba5d16b4560647aaa3802a992ea80b43,zg04_jingzhi,ZG04净值修改清单,zbbs24,c1c54a78bf7048c7a07e235bb7bf8d8f,innercode,创建时间,4
table_id ?????? baseinfo ?????,c0e80447ff8541338604b5f3aa85df28,bb_table,人行修改报备表,zbbs24,c1c54a78bf7048c7a07e235bb7bf8d8f,jgname,机构名称,0
table_id ?????? baseinfo ?????,c0e80447ff8541338604b5f3aa85df28,bb_table,人行修改报备表,zbbs24,c1c54a78bf7048c7a07e235bb7bf8d8f,jgcode,金融机构代码,1
table_id ?????? baseinfo ?????,c0e80447ff8541338604b5f3aa85df28,bb_table,人行修改报备表,zbbs24,c1c54a78bf7048c7a07e235bb7bf8d8f,caldate,数据日期,2
table_id ?????? baseinfo ?????,c0e80447ff8541338604b5f3aa85df28,bb_table,人行修改报备表,zbbs24,c1c54a78bf7048c7a07e235bb7bf8d8f,projname,产品名称,3
table_id ?????? baseinfo ?????,c0e80447ff8541338604b5f3aa85df28,bb_table,人行修改报备表,zbbs24,c1c54a78bf7048c7a07e235bb7bf8d8f,projcode,产品代码,4
table_id ?????? baseinfo ?????,c0e80447ff8541338604b5f3aa85df28,bb_table,人行修改报备表,zbbs24,c1c54a78bf7048c7a07e235bb7bf8d8f,tablecode,表单号,5
table_id ?????? baseinfo ?????,c0e80447ff8541338604b5f3aa85df28,bb_table,人行修改报备表,zbbs24,c1c54a78bf7048c7a07e235bb7bf8d8f,ch_col_name,修改字段标识名称,6
table_id ?????? baseinfo ?????,c0e80447ff8541338604b5f3aa85df28,bb_table,人行修改报备表,zbbs24,c1c54a78bf7048c7a07e235bb7bf8d8f,money_before,修正前金额,7
table_id ?????? baseinfo ?????,c0e80447ff8541338604b5f3aa85df28,bb_table,人行修改报备表,zbbs24,c1c54a78bf7048c7a07e235bb7bf8d8f,money_after,修正后金额,8
table_id ?????? baseinfo ?????,c0e80447ff8541338604b5f3aa85df28,bb_table,人行修改报备表,zbbs24,c1c54a78bf7048c7a07e235bb7bf8d8f,ce,金额变动差额,9
table_id ?????? baseinfo ?????,c0e80447ff8541338604b5f3aa85df28,bb_table,人行修改报备表,zbbs24,c1c54a78bf7048c7a07e235bb7bf8d8f,remark,修改说明,10
table_id ?????? baseinfo ?????,c0e80447ff8541338604b5f3aa85df28,bb_table,人行修改报备表,zbbs24,c1c54a78bf7048c7a07e235bb7bf8d8f,change_date,修改日期,11
table_id ?????? baseinfo ?????,cc10187f06a7433eabcf91eeaf85496c,wms_coop_asset_bp_pboc,理财子公司合作标品投资情况,zbbs24,e79bc547e1704bfcb18271d112fd5db7,wms_name,理财子公司合作标品投资情况,0
table_id ?????? baseinfo ?????,cc10187f06a7433eabcf91eeaf85496c,wms_coop_asset_bp_pboc,理财子公司合作标品投资情况,zbbs24,e79bc547e1704bfcb18271d112fd5db7,asset_total,资产合计,1
table_id ?????? baseinfo ?????,cc10187f06a7433eabcf91eeaf85496c,wms_coop_asset_bp_pboc,理财子公司合作标品投资情况,zbbs24,e79bc547e1704bfcb18271d112fd5db7,deposit,存款,2
table_id ?????? baseinfo ?????,cc10187f06a7433eabcf91eeaf85496c,wms_coop_asset_bp_pboc,理财子公司合作标品投资情况,zbbs24,e79bc547e1704bfcb18271d112fd5db7,spv,资管产品,3
table_id ?????? baseinfo ?????,cc10187f06a7433eabcf91eeaf85496c,wms_coop_asset_bp_pboc,理财子公司合作标品投资情况,zbbs24,e79bc547e1704bfcb18271d112fd5db7,bond,债券,4
table_id ?????? baseinfo ?????,cc10187f06a7433eabcf91eeaf85496c,wms_coop_asset_bp_pboc,理财子公司合作标品投资情况,zbbs24,e79bc547e1704bfcb18271d112fd5db7,reverse_repo,逆回购,5
table_id ?????? baseinfo ?????,cc10187f06a7433eabcf91eeaf85496c,wms_coop_asset_bp_pboc,理财子公司合作标品投资情况,zbbs24,e79bc547e1704bfcb18271d112fd5db7,preferred_stock,优先股,6
table_id ?????? baseinfo ?????,cc10187f06a7433eabcf91eeaf85496c,wms_coop_asset_bp_pboc,理财子公司合作标品投资情况,zbbs24,e79bc547e1704bfcb18271d112fd5db7,other,其他,7
table_id ?????? baseinfo ?????,cc10187f06a7433eabcf91eeaf85496c,wms_coop_asset_bp_pboc,理财子公司合作标品投资情况,zbbs24,e79bc547e1704bfcb18271d112fd5db7,bond_ctz,债券其中：城投债,8
table_id ?????? baseinfo ?????,cc10187f06a7433eabcf91eeaf85496c,wms_coop_asset_bp_pboc,理财子公司合作标品投资情况,zbbs24,e79bc547e1704bfcb18271d112fd5db7,cldate,数据日期,9
table_id ?????? baseinfo ?????,cc10187f06a7433eabcf91eeaf85496c,wms_coop_asset_bp_pboc,理财子公司合作标品投资情况,zbbs24,e79bc547e1704bfcb18271d112fd5db7,tbtime,生成时间,10
table_id ?????? baseinfo ?????,d0c1fe2c41eb44dfb0deab17b0331c33,bond_ctz_pboc,项目城投债信息表,zbbs24,e79bc547e1704bfcb18271d112fd5db7,projcode,项目编号,0
table_id ?????? baseinfo ?????,d0c1fe2c41eb44dfb0deab17b0331c33,bond_ctz_pboc,项目城投债信息表,zbbs24,e79bc547e1704bfcb18271d112fd5db7,ctz_money,金额,1
table_id ?????? baseinfo ?????,d0c1fe2c41eb44dfb0deab17b0331c33,bond_ctz_pboc,项目城投债信息表,zbbs24,e79bc547e1704bfcb18271d112fd5db7,cldate,数据日期,2
